Package	Version	Built
RSiena	1.3.10	4.2.1
askpass	1.2.0	4.2.3
assertthat	0.2.1	4.2.3
automap	1.0-16	4.2.1
backports	1.5.0	4.2.3
base	4.2.1	4.2.1
base64enc	0.1-3	4.2.3
bit	4.0.5	4.2.3
bit64	4.0.5	4.2.3
blob	1.2.4	4.2.3
broom	1.0.6	4.2.3
bslib	0.7.0	4.2.3
cachem	1.1.0	4.2.3
callr	3.7.6	4.2.3
caret	6.0-94	4.2.3
cellranger	1.1.0	4.2.3
checkmate	2.3.1	4.2.3
class	7.3-22	4.2.3
classInt	0.4-10	4.2.3
cli	3.6.3	4.2.3
clipr	0.8.0	4.2.3
clock	0.7.0	4.2.3
cluster	2.1.6	4.2.3
coda	0.19-4.1	4.2.3
codetools	0.2-20	4.2.3
colorspace	2.1-0	4.2.3
compiler	4.2.1	4.2.1
conquer	1.3.3	4.2.3
countrycode	1.6.0	4.2.3
cpp11	0.5.2	4.2.3
crayon	1.5.3	4.2.3
curl	4.3.3	4.2.1
data.table	1.15.4	4.2.3
datasets	4.2.1	4.2.1
DBI	1.2.3	4.2.3
dbplyr	2.5.0	4.2.3
deldir	2.0-4	4.2.3
diagram	1.6.5	4.2.3
digest	0.6.36	4.2.3
dplyr	1.1.4	4.2.3
dtplyr	1.3.1	4.2.3
e1071	1.7-14	4.2.3
ellipsis	0.3.2	4.2.3
evaluate	0.24.0	4.2.3
fansi	1.0.6	4.2.3
farver	2.1.2	4.2.3
fastmap	1.2.0	4.2.3
FNN	1.1.4	4.2.3
fontawesome	0.5.2	4.2.3
forcats	1.0.0	4.2.3
foreach	1.5.2	4.2.3
foreign	0.8-87	4.2.3
Formula	1.2-5	4.2.3
fs	1.6.4	4.2.3
future	1.33.2	4.2.3
future.apply	1.11.2	4.2.3
gargle	1.5.2	4.2.3
gdata	3.0.0	4.2.3
geepack	1.3.11	4.2.3
generics	0.1.3	4.2.3
ggplot2	3.5.1	4.2.3
globals	0.16.3	4.2.3
glue	1.7.0	4.2.3
googledrive	2.1.1	4.2.3
googlesheets4	1.1.1	4.2.3
gower	1.0.1	4.2.3
graphics	4.2.1	4.2.1
grDevices	4.2.1	4.2.1
grid	4.2.1	4.2.1
gridExtra	2.3	4.2.3
gstat	2.0-9	4.2.1
gtable	0.3.5	4.2.3
gtools	3.9.5	4.2.3
hardhat	1.4.0	4.2.3
haven	2.5.4	4.2.3
highr	0.11	4.2.3
HiveR	0.3.63	4.2.3
Hmisc	5.1-3	4.2.3
hms	1.1.3	4.2.3
htmlTable	2.4.2	4.2.3
htmltools	0.5.8.1	4.2.3
htmlwidgets	1.6.4	4.2.3
httr	1.4.7	4.2.3
hydroGOF	0.6-0	4.2.3
hydroTSM	0.7-0	4.2.3
ids	1.0.1	4.2.3
igraph	1.4.2	4.2.3
interp	1.1-6	4.2.3
intervals	0.15.4	4.2.3
ipred	0.9-14	4.2.3
isoband	0.2.7	4.2.3
iterators	1.0.14	4.2.3
jpeg	0.1-10	4.2.2
jquerylib	0.1.4	4.2.3
jsonlite	1.8.8	4.2.3
KernSmooth	2.23-24	4.2.3
knitr	1.47	4.2.3
labeling	0.4.3	4.2.3
lattice	0.22-6	4.2.3
latticeExtra	0.6-30	4.2.3
lava	1.7.3	4.2.3
lifecycle	1.0.4	4.2.3
listenv	0.9.1	4.2.3
lubridate	1.9.3	4.2.3
magrittr	2.0.3	4.2.3
maps	3.4.2	4.2.3
maptools	1.1-8	4.2.3
MASS	7.3-60.0.1	4.2.3
Matrix	1.6-5	4.2.3
MatrixModels	0.5-3	4.2.3
matrixStats	1.3.0	4.2.3
memoise	2.0.1	4.2.3
methods	4.2.1	4.2.1
Metrics	0.1.4	4.2.3
mgcv	1.9-1	4.2.3
mime	0.12	4.2.3
ModelMetrics	1.2.2.2	4.2.3
modelr	0.1.11	4.2.3
multcomp	1.4-25	4.2.3
munsell	0.5.1	4.2.3
mvtnorm	1.2-5	4.2.3
network	1.18.2	4.2.3
nlme	3.1-165	4.2.3
nnet	7.3-19	4.2.3
numDeriv	2016.8-1.1	4.2.3
openssl	2.2.0	4.2.3
parallel	4.2.1	4.2.1
parallelly	1.37.1	4.2.3
patchwork	1.2.0	4.2.3
pillar	1.9.0	4.2.3
pkgconfig	2.0.3	4.2.3
plyr	1.8.9	4.2.3
png	0.1-8	4.2.3
polspline	1.1.25	4.2.3
prettyunits	1.2.0	4.2.3
pROC	1.18.5	4.2.3
processx	3.8.4	4.2.3
prodlim	2024.06.25	4.2.3
progress	1.2.3	4.2.3
progressr	0.14.0	4.2.3
proxy	0.4-27	4.2.3
PRROC	1.3.1	4.2.3
ps	1.7.6	4.2.3
purrr	1.0.2	4.2.3
quantreg	5.98	4.2.3
R6	2.5.1	4.2.3
rappdirs	0.3.3	4.2.3
RColorBrewer	1.1-3	4.2.3
Rcpp	1.0.12	4.2.3
RcppArmadillo	0.12.8.4.0	4.2.3
RcppEigen	0.3.4.0.0	4.2.3
readr	2.1.5	4.2.3
readxl	1.4.3	4.2.3
recipes	1.0.10	4.2.3
rematch	2.0.0	4.2.3
rematch2	2.1.2	4.2.3
reprex	2.1.0	4.2.3
reshape	0.8.9	4.2.3
reshape2	1.4.4	4.2.3
rgl	1.3.1	4.2.3
rlang	1.1.4	4.2.3
rle	0.9.2	4.2.3
rmarkdown	2.27	4.2.3
rms	6.8-1	4.2.3
rpart	4.1.23	4.2.3
rstudioapi	0.16.0	4.2.3
rvest	1.0.4	4.2.3
sandwich	3.1-0	4.2.3
sass	0.4.9	4.2.3
scales	1.3.0	4.2.3
selectr	0.4-2	4.2.3
shape	1.4.6.1	4.2.3
sna	2.7-2	4.2.3
sp	2.1-4	4.2.3
spacetime	1.3-1	4.2.3
SparseM	1.84	4.2.3
splines	4.2.1	4.2.1
SQUAREM	2021.1	4.2.3
statnet.common	4.9.0	4.2.3
stats	4.2.1	4.2.1
stats4	4.2.1	4.2.1
stringi	1.7.12	4.2.2
stringr	1.5.1	4.2.3
survival	3.7-0	4.2.3
sys	3.4.2	4.2.3
tcltk	4.2.1	4.2.1
texreg	1.39.3	4.2.3
TH.data	1.1-2	4.2.3
tibble	3.2.1	4.2.3
tidyr	1.3.1	4.2.3
tidyselect	1.2.1	4.2.3
tidyverse	1.3.2	4.2.1
timechange	0.3.0	4.2.3
timeDate	4032.109	4.2.3
tinytex	0.51	4.2.3
tkrgl	0.9	4.2.3
tools	4.2.1	4.2.1
tzdb	0.4.0	4.2.3
utf8	1.2.4	4.2.3
utils	4.2.1	4.2.1
uuid	1.2-0	4.2.3
vctrs	0.6.5	4.2.3
viridis	0.6.5	4.2.3
viridisLite	0.4.2	4.2.3
vroom	1.6.5	4.2.3
withr	3.0.0	4.2.3
xfun	0.45	4.2.3
xml2	1.3.3	4.2.1
xtable	1.8-4	4.2.3
xts	0.14.0	4.2.3
yaml	2.3.8	4.2.3
zoo	1.8-12	4.2.3
