"name","type","shortName","interaction1","interaction2","parm","period","group","groupName","rateType","basicRate","effect1","effect2","effect3","timeDummy","setting","theta","mean_deviation","t_ratio"
"dv.net","rate","Rate","","",0,"1",1,"Group1",NA,TRUE,0,0,0,",","",0.0470882207990354,-0.0313333333333333,-0.00711799993280092
"dv.net","rate","Rate","","",0,"2",1,"Group1",NA,TRUE,0,0,0,",","",0.139520329764014,0.07,0.00853843719447797
"dv.net","rate","Rate","","",0,"3",1,"Group1",NA,TRUE,0,0,0,",","",0.429740484890003,-0.327333333333333,-0.0266714374154361
"dv.net","rate","Rate","","",0,"4",1,"Group1",NA,TRUE,0,0,0,",","",0.347792721534046,0.250666666666667,0.0185693324856029
"dv.net","rate","Rate","","",0,"5",1,"Group1",NA,TRUE,0,0,0,",","",0.323407920806069,-0.236,-0.0205103870280999
"dv.net","rate","Rate","","",0,"6",1,"Group1",NA,TRUE,0,0,0,",","",0.318320009185151,-0.459333333333333,-0.0391223704740575
"dv.net","rate","Rate","","",0,"7",1,"Group1",NA,TRUE,0,0,0,",","",0.397769015962525,0.272,0.0208941764886151
"dv.net","rate","Rate","","",0,"8",1,"Group1",NA,TRUE,0,0,0,",","",0.308564220644212,-0.400666666666667,-0.0334237971510949
"dv.net","rate","Rate","","",0,"9",1,"Group1",NA,TRUE,0,0,0,",","",0.32688706768387,-0.248666666666667,-0.0194198453686478
"dv.net","rate","Rate","","",0,"10",1,"Group1",NA,TRUE,0,0,0,",","",0.27452499634187,-0.241333333333333,-0.0207982121416777
"dv.net","rate","Rate","","",0,"11",1,"Group1",NA,TRUE,0,0,0,",","",0.322802081462104,0.346,0.0275452729028222
"dv.net","rate","Rate","","",0,"12",1,"Group1",NA,TRUE,0,0,0,",","",0.446394101216771,0.130666666666667,0.00892050221445958
"dv.net","rate","Rate","","",0,"13",1,"Group1",NA,TRUE,0,0,0,",","",0.353881176527947,0.274,0.0206348724980068
"dv.net","rate","Rate","","",0,"14",1,"Group1",NA,TRUE,0,0,0,",","",0.323601743722675,-0.192666666666667,-0.0148837607298074
"dv.net","rate","Rate","","",0,"15",1,"Group1",NA,TRUE,0,0,0,",","",0.289857744301206,-0.205333333333333,-0.0166778434874359
"dv.net","rate","Rate","","",0,"16",1,"Group1",NA,TRUE,0,0,0,",","",0.515942236853011,0.012,0.00074618064607237
"dv.net","rate","Rate","","",0,"17",1,"Group1",NA,TRUE,0,0,0,",","",0.342149146081847,0.462,0.0345973444005155
"dv.net","rate","Rate","","",0,"18",1,"Group1",NA,TRUE,0,0,0,",","",0.396269800534186,-0.510666666666667,-0.0348849900024389
"dv.net","eval","density","","",0,NA,1,"Group1",NA,FALSE,0,0,0,",","",-5.53739569272451,-0.289333333333333,-0.0104037386662055
"dv.net","eval","transTriads","","",0,NA,1,"Group1",NA,FALSE,0,0,0,",","",0.158397450952701,2.46599999999977,0.0275232881651816
"dv.net","eval","degPlus","","",1,NA,1,"Group1",NA,FALSE,0,0,0,",","",0.0572362230098831,36.952,0.0132123980289333
"dv.net","eval","X","nets.lndistance_d","",0,NA,1,"Group1",NA,FALSE,0,0,0,",","",-0.857614925085843,-2.05829982665452,-0.0300512587959344
"dv.net","eval","X","nets.ATOP_d","",0,NA,1,"Group1",NA,FALSE,0,0,0,",","",1.09313036834541,-0.61237729593895,-0.0184257182397413
"dv.net","eval","X","nets.absidealdiff_d","",0,NA,1,"Group1",NA,FALSE,0,0,0,",","",-0.606538260488665,0.156273994930995,0.0032562159942986
"dv.net","eval","X","nets.lntrade_d","",0,NA,1,"Group1",NA,FALSE,0,0,0,",","",0.0708775478412196,1.3105387336723,0.00640653382834487
"dv.net","eval","X","nets.NATO_d","",0,NA,1,"Group1",NA,FALSE,0,0,0,",","",-3.38973514166788,-0.620411606911654,-0.05844345849901
"dv.net","eval","altX","milex.beh","",0,NA,1,"Group1",NA,FALSE,0,0,0,",","",-0.0559390540022195,2.82215370301717,0.0515967787177085
"dv.net","eval","altX","beh.democracy_1","",0,NA,1,"Group1",NA,FALSE,0,0,0,",","",1.45158406116613,-0.669535204677157,-0.0338905654859175
"dv.net","eval","altX","beh.lncinc_1","",0,NA,1,"Group1",NA,FALSE,0,0,0,",","",0.799071401745604,2.23818437819699,0.0249285239350135
"milex.beh","rate","Rate","","",0,"1",1,"Group1",NA,TRUE,0,0,0,",","",0.9339627613771,0.140333333333333,0.0243687782034382
"milex.beh","rate","Rate","","",0,"2",1,"Group1",NA,TRUE,0,0,0,",","",1.29645723153016,-0.258666666666667,-0.0428031261602078
"milex.beh","rate","Rate","","",0,"3",1,"Group1",NA,TRUE,0,0,0,",","",1.35042524726017,0.170666666666667,0.0260304985579537
"milex.beh","rate","Rate","","",0,"4",1,"Group1",NA,TRUE,0,0,0,",","",1.19153060237644,0.067,0.0106877026499927
"milex.beh","rate","Rate","","",0,"5",1,"Group1",NA,TRUE,0,0,0,",","",0.696938848047742,0.0296666666666667,0.00534009717569551
"milex.beh","rate","Rate","","",0,"6",1,"Group1",NA,TRUE,0,0,0,",","",0.562127075181953,-0.320333333333333,-0.0615395338783791
"milex.beh","rate","Rate","","",0,"7",1,"Group1",NA,TRUE,0,0,0,",","",0.476285548155555,0.114666666666667,0.0233323519772285
"milex.beh","rate","Rate","","",0,"8",1,"Group1",NA,TRUE,0,0,0,",","",0.521474153840024,0.121666666666667,0.0230880865421157
"milex.beh","rate","Rate","","",0,"9",1,"Group1",NA,TRUE,0,0,0,",","",0.372249841216718,0.0176666666666667,0.00389077374892469
"milex.beh","rate","Rate","","",0,"10",1,"Group1",NA,TRUE,0,0,0,",","",1.71152783723564,-0.125,-0.0177495396883175
"milex.beh","rate","Rate","","",0,"11",1,"Group1",NA,TRUE,0,0,0,",","",0.582926180039623,-0.234333333333333,-0.0440529739791976
"milex.beh","rate","Rate","","",0,"12",1,"Group1",NA,TRUE,0,0,0,",","",1.31286854746602,-0.250666666666667,-0.0399831247184108
"milex.beh","rate","Rate","","",0,"13",1,"Group1",NA,TRUE,0,0,0,",","",0.321211502838824,-0.173,-0.0424322900348461
"milex.beh","rate","Rate","","",0,"14",1,"Group1",NA,TRUE,0,0,0,",","",0.294750329447733,-0.182666666666667,-0.0467071799182917
"milex.beh","rate","Rate","","",0,"15",1,"Group1",NA,TRUE,0,0,0,",","",1.08508199192703,0.093,0.0154674377433152
"milex.beh","rate","Rate","","",0,"16",1,"Group1",NA,TRUE,0,0,0,",","",0.407478739779312,-0.00833333333333333,-0.00197855414367057
"milex.beh","rate","Rate","","",0,"17",1,"Group1",NA,TRUE,0,0,0,",","",0.352356687870564,-0.126,-0.0318387511434891
"milex.beh","rate","Rate","","",0,"18",1,"Group1",NA,TRUE,0,0,0,",","",0.406736378638257,0.142666666666667,0.0337928603845891
"milex.beh","eval","linear","","",0,NA,1,"Group1",NA,FALSE,0,0,0,",","",-1.17166010129008,0.231666666666589,0.00939090098326309
"milex.beh","eval","quad","","",0,NA,1,"Group1",NA,FALSE,0,0,0,",","",-0.0277621928324776,1.70960907606237,0.01773137996793
"milex.beh","eval","outdeg","dv.net","",0,NA,1,"Group1",NA,FALSE,0,0,0,",","",0.0887378223754959,-0.326000000000124,-0.00174179706250859
"milex.beh","eval","behDenseTriads","dv.net","",6,NA,1,"Group1",NA,FALSE,0,0,0,",","",-0.0206531648859871,-4.80733333333335,-0.00946527102996273
"milex.beh","eval","effFrom","beh.democracy_1","",0,NA,1,"Group1",NA,FALSE,0,0,0,",","",-0.448791941613395,0.0325339181287294,0.00261068853676822
"milex.beh","eval","effFrom","beh.GDPgrowth_1","",0,NA,1,"Group1",NA,FALSE,0,0,0,",","",-2.23964116840803,-0.0681442684247148,-0.0312881377951678
"milex.beh","eval","effFrom","beh.nato_1","",0,NA,1,"Group1",NA,FALSE,0,0,0,",","",0.875206602395026,0.273200000000014,0.0284302229235826
"milex.beh","eval","effFrom","beh.allies_1","",0,NA,1,"Group1",NA,FALSE,0,0,0,",","",-0.0108921082528899,21.7566,0.0448792832127841
"milex.beh","eval","effFrom","beh.military_1","",0,NA,1,"Group1",NA,FALSE,0,0,0,",","",0.257493697047182,-0.192485380116945,-0.0280127587055614
"milex.beh","eval","effFrom","beh.lnmids_1","",0,NA,1,"Group1",NA,FALSE,0,0,0,",","",0.137114613322007,0.444045569317417,0.027766928990073
"milex.beh","eval","effFrom","beh.milexSpLag_1","",0,NA,1,"Group1",NA,FALSE,0,0,0,",","",7.13077733294163,-0.00382759866694031,-0.00754157642645519
