"name","type","shortName","interaction1","interaction2","parm","period","group","groupName","rateType","basicRate","effect1","effect2","effect3","timeDummy","setting","fit_index","theta","observed_target","saved_t_ratio"
"dv.net","rate","Rate","","",0,"1",1,"Group1",NA,TRUE,0,0,0,",","",1,0.0470882207990354,10,-0.00708267697224426
"dv.net","rate","Rate","","",0,"2",1,"Group1",NA,TRUE,0,0,0,",","",2,0.139520329764014,34,0.00286157154545682
"dv.net","rate","Rate","","",0,"3",1,"Group1",NA,TRUE,0,0,0,",","",3,0.429740484890003,86,0.0382037761210656
"dv.net","rate","Rate","","",0,"4",1,"Group1",NA,TRUE,0,0,0,",","",4,0.347792721534046,94,-0.0286804283380509
"dv.net","rate","Rate","","",0,"5",1,"Group1",NA,TRUE,0,0,0,",","",5,0.323407920806069,76,-0.0491984500044674
"dv.net","rate","Rate","","",0,"6",1,"Group1",NA,TRUE,0,0,0,",","",6,0.318320009185151,76,-0.0516881774491423
"dv.net","rate","Rate","","",0,"7",1,"Group1",NA,TRUE,0,0,0,",","",7,0.397769015962525,94,0.0329658616881401
"dv.net","rate","Rate","","",0,"8",1,"Group1",NA,TRUE,0,0,0,",","",8,0.308564220644212,78,0.0263920447763093
"dv.net","rate","Rate","","",0,"9",1,"Group1",NA,TRUE,0,0,0,",","",9,0.32688706768387,84,0.038154697718926
"dv.net","rate","Rate","","",0,"10",1,"Group1",NA,TRUE,0,0,0,",","",10,0.27452499634187,72,0.00369495061367292
"dv.net","rate","Rate","","",0,"11",1,"Group1",NA,TRUE,0,0,0,",","",11,0.322802081462104,84,-0.00533898704909593
"dv.net","rate","Rate","","",0,"12",1,"Group1",NA,TRUE,0,0,0,",","",12,0.446394101216771,114,-0.00824897229087989
"dv.net","rate","Rate","","",0,"13",1,"Group1",NA,TRUE,0,0,0,",","",13,0.353881176527947,94,-0.0139600394145023
"dv.net","rate","Rate","","",0,"14",1,"Group1",NA,TRUE,0,0,0,",","",14,0.323601743722675,88,-0.0345720290821442
"dv.net","rate","Rate","","",0,"15",1,"Group1",NA,TRUE,0,0,0,",","",15,0.289857744301206,80,-0.0160290744529277
"dv.net","rate","Rate","","",0,"16",1,"Group1",NA,TRUE,0,0,0,",","",16,0.515942236853011,138,0.0447550197093703
"dv.net","rate","Rate","","",0,"17",1,"Group1",NA,TRUE,0,0,0,",","",17,0.342149146081847,96,0.0758793231091074
"dv.net","rate","Rate","","",0,"18",1,"Group1",NA,TRUE,0,0,0,",","",18,0.396269800534186,112,-0.01287233423329
"dv.net","eval","density","","",0,NA,1,"Group1",NA,FALSE,0,0,0,",","",19,-5.53739569272451,5257,0.0201162922814332
"dv.net","eval","transTriads","","",0,NA,1,"Group1",NA,FALSE,0,0,0,",","",20,0.158397450952701,7339,0.023408105874701
"dv.net","eval","degPlus","","",1,NA,1,"Group1",NA,FALSE,0,0,0,",","",21,0.0572362230098831,333172,0.0240621412427495
"dv.net","eval","X","nets.lndistance_d","",0,NA,1,"Group1",NA,FALSE,0,0,0,",","",22,-0.857614925085843,-10629.6065515074,-0.0471068462867187
"dv.net","eval","X","nets.ATOP_d","",0,NA,1,"Group1",NA,FALSE,0,0,0,",","",23,1.09313036834541,5960.4379238742,0.03751679552017
"dv.net","eval","X","nets.absidealdiff_d","",0,NA,1,"Group1",NA,FALSE,0,0,0,",","",24,-0.606538260488665,-2858.5692063889,-0.0481007897274435
"dv.net","eval","X","nets.lntrade_d","",0,NA,1,"Group1",NA,FALSE,0,0,0,",","",25,0.0708775478412196,37643.5932560096,-0.00886849646173473
"dv.net","eval","X","nets.NATO_d","",0,NA,1,"Group1",NA,FALSE,0,0,0,",","",26,-3.38973514166788,1247.48711778913,-0.0420834296679492
"dv.net","eval","altX","milex.beh","",0,NA,1,"Group1",NA,FALSE,0,0,0,",","",27,-0.0559390540022195,-136.511879459585,-0.0229421161376426
"dv.net","eval","altX","beh.democracy_1","",0,NA,1,"Group1",NA,FALSE,0,0,0,",","",28,1.45158406116613,2911.87859649123,0.0153024565488886
"dv.net","eval","altX","beh.lncinc_1","",0,NA,1,"Group1",NA,FALSE,0,0,0,",","",29,0.799071401745604,13015.0208220591,0.0102036619384493
"milex.beh","rate","Rate","","",0,"1",1,"Group1",NA,TRUE,0,0,0,",","",30,0.9339627613771,41,0.0155979424347247
"milex.beh","rate","Rate","","",0,"2",1,"Group1",NA,TRUE,0,0,0,",","",31,1.29645723153016,50,-0.0138643016952834
"milex.beh","rate","Rate","","",0,"3",1,"Group1",NA,TRUE,0,0,0,",","",32,1.35042524726017,57,-0.0734632604234659
"milex.beh","rate","Rate","","",0,"4",1,"Group1",NA,TRUE,0,0,0,",","",33,1.19153060237644,52,-0.0489210894750459
"milex.beh","rate","Rate","","",0,"5",1,"Group1",NA,TRUE,0,0,0,",","",34,0.696938848047742,37,-0.00593455768313227
"milex.beh","rate","Rate","","",0,"6",1,"Group1",NA,TRUE,0,0,0,",","",35,0.562127075181953,32,-0.0215676462789974
"milex.beh","rate","Rate","","",0,"7",1,"Group1",NA,TRUE,0,0,0,",","",36,0.476285548155555,28,0.0557262391611864
"milex.beh","rate","Rate","","",0,"8",1,"Group1",NA,TRUE,0,0,0,",","",37,0.521474153840024,31,0.0396631251942141
"milex.beh","rate","Rate","","",0,"9",1,"Group1",NA,TRUE,0,0,0,",","",38,0.372249841216718,24,-0.0143326450287288
"milex.beh","rate","Rate","","",0,"10",1,"Group1",NA,TRUE,0,0,0,",","",39,1.71152783723564,71,0.00873096787750372
"milex.beh","rate","Rate","","",0,"11",1,"Group1",NA,TRUE,0,0,0,",","",40,0.582926180039623,34,-0.0217935508539113
"milex.beh","rate","Rate","","",0,"12",1,"Group1",NA,TRUE,0,0,0,",","",41,1.31286854746602,55,-0.0305632815378862
"milex.beh","rate","Rate","","",0,"13",1,"Group1",NA,TRUE,0,0,0,",","",42,0.321211502838824,18,-0.0123545568594529
"milex.beh","rate","Rate","","",0,"14",1,"Group1",NA,TRUE,0,0,0,",","",43,0.294750329447733,17,0.0269036872137544
"milex.beh","rate","Rate","","",0,"15",1,"Group1",NA,TRUE,0,0,0,",","",44,1.08508199192703,48,-0.0255329876587965
"milex.beh","rate","Rate","","",0,"16",1,"Group1",NA,TRUE,0,0,0,",","",45,0.407478739779312,20,-0.0406435431171
"milex.beh","rate","Rate","","",0,"17",1,"Group1",NA,TRUE,0,0,0,",","",46,0.352356687870564,18,-0.0250408906780716
"milex.beh","rate","Rate","","",0,"18",1,"Group1",NA,TRUE,0,0,0,",","",47,0.406736378638257,21,0.00451916013756244
"milex.beh","eval","linear","","",0,NA,1,"Group1",NA,FALSE,0,0,0,",","",48,-1.17166010129008,-69.2728255225141,-0.0433710818712562
"milex.beh","eval","quad","","",0,NA,1,"Group1",NA,FALSE,0,0,0,",","",49,-0.0277621928324776,5872.236164167,-0.0256012686843287
"milex.beh","eval","outdeg","dv.net","",0,NA,1,"Group1",NA,FALSE,0,0,0,",","",50,0.0887378223754959,-140.280057350614,-0.0242894484273261
"milex.beh","eval","behDenseTriads","dv.net","",6,NA,1,"Group1",NA,FALSE,0,0,0,",","",51,-0.0206531648859871,-2487.55083251299,-0.0162560747142144
"milex.beh","eval","effFrom","beh.democracy_1","",0,NA,1,"Group1",NA,FALSE,0,0,0,",","",52,-0.448791941613395,-379.259555131964,-0.0348703449765399
"milex.beh","eval","effFrom","beh.GDPgrowth_1","",0,NA,1,"Group1",NA,FALSE,0,0,0,",","",53,-2.23964116840803,-0.679365265477401,-0.0259161727119235
"milex.beh","eval","effFrom","beh.nato_1","",0,NA,1,"Group1",NA,FALSE,0,0,0,",","",54,0.875206602395026,58.7026301930386,-0.0137717174061682
"milex.beh","eval","effFrom","beh.allies_1","",0,NA,1,"Group1",NA,FALSE,0,0,0,",","",55,-0.0108921082528899,-4906.78509831848,0.0219412558869648
"milex.beh","eval","effFrom","beh.military_1","",0,NA,1,"Group1",NA,FALSE,0,0,0,",","",56,0.257493697047182,125.889154291228,0.00494213648194177
"milex.beh","eval","effFrom","beh.lnmids_1","",0,NA,1,"Group1",NA,FALSE,0,0,0,",","",57,0.137114613322007,583.76635941156,0.0115713234599274
"milex.beh","eval","effFrom","beh.milexSpLag_1","",0,NA,1,"Group1",NA,FALSE,0,0,0,",","",58,7.13077733294163,23.9631592275396,-0.021839943644867
